camera_id,name,latitude,longitude,area,is_online,image_url,video_url,corridor,in_region,match_reason
98fc3e41-66be-42d7-8f69-5cc76ae7226f,BB - Manhattan hub - 156.103,40.710977,-74.003594,Manhattan,True,https://webcams.nyctmc.org/api/cameras/98fc3e41-66be-42d7-8f69-5cc76ae7226f/image,,,True,inside polygon
8cc75cbc-e050-4947-aee8-639f63fe4ca7,Canal Street @ Chrystie Street,40.715821,-73.994913,Manhattan,True,https://webcams.nyctmc.org/api/cameras/8cc75cbc-e050-4947-aee8-639f63fe4ca7/image,,,True,inside polygon
0ccf3a51-8981-4e03-92a9-00b1c59f0b9b,BB-24 South Rdwy @ Above South St,40.708186,-73.999623,Manhattan,True,https://webcams.nyctmc.org/api/cameras/0ccf3a51-8981-4e03-92a9-00b1c59f0b9b/image,,,True,inside polygon
9cc8495e-aeee-4759-adba-5a6bf5efd4b9,3 Ave @ 23 St,40.7388335617157,-73.9831563349364,Manhattan,True,https://webcams.nyctmc.org/api/cameras/9cc8495e-aeee-4759-adba-5a6bf5efd4b9/image,,East Side avenues,True,inside polygon
975c7dd6-d6d7-4eaa-843d-fbe8eb7a1eb3,QBB UL CM @ York Ave,40.7590599112718,-73.9594663180461,Manhattan,True,https://webcams.nyctmc.org/api/cameras/975c7dd6-d6d7-4eaa-843d-fbe8eb7a1eb3/image,,Queensboro Bridge,True,inside polygon
b1d5d592-9e36-478e-bedc-5fb02d836bc3,Sutton Pl @ 58 St,40.758044,-73.960189,Manhattan,True,https://webcams.nyctmc.org/api/cameras/b1d5d592-9e36-478e-bedc-5fb02d836bc3/image,,,True,inside polygon
155b2bff-5dd2-4109-bd10-e098376c8476,FDR Dr @ 96 Street,40.7821012323438,-73.9436960220336,Manhattan,True,https://webcams.nyctmc.org/api/cameras/155b2bff-5dd2-4109-bd10-e098376c8476/image,,FDR Drive,True,inside polygon
9b648eba-3e4a-4c2c-9afc-e659c1083804,MHB-19 Manh N URDW @ Anch,40.710705,-73.992304,Manhattan,True,https://webcams.nyctmc.org/api/cameras/9b648eba-3e4a-4c2c-9afc-e659c1083804/image,,,True,inside polygon
6d3a21dd-0434-4d92-a0d1-3ca8b77297db,5 Ave @ E 58 St,40.763753,-73.973548,Manhattan,True,https://webcams.nyctmc.org/api/cameras/6d3a21dd-0434-4d92-a0d1-3ca8b77297db/image,,,True,inside polygon
6847c104-0117-4e3f-b30e-e1a859bc8107,FDR Dr @ 101 St,40.785502,-73.94032,Manhattan,True,https://webcams.nyctmc.org/api/cameras/6847c104-0117-4e3f-b30e-e1a859bc8107/image,,FDR Drive,True,inside polygon
41397b64-d035-4b41-a03e-170fe4103d89,Park Ave @ 79 St,40.775652,-73.96035,Manhattan,True,https://webcams.nyctmc.org/api/cameras/41397b64-d035-4b41-a03e-170fe4103d89/image,,East Side avenues,True,inside polygon
ecba28cb-ac70-4d25-abcb-6506111ea120,FDR Dr @ Brooklyn Bridge,40.708414,-73.998515,Manhattan,True,https://webcams.nyctmc.org/api/cameras/ecba28cb-ac70-4d25-abcb-6506111ea120/image,,FDR Drive,True,inside polygon
9c4c2657-6796-4953-bbe6-c50f24bb5820,5 Ave @ 57 St,40.7629820055328,-73.9739858644822,Manhattan,True,https://webcams.nyctmc.org/api/cameras/9c4c2657-6796-4953-bbe6-c50f24bb5820/image,,,True,inside polygon
20b2298a-90cf-463f-b172-0b398a34f061,Park Ave @ 37 St,40.74906,-73.979818,Manhattan,True,https://webcams.nyctmc.org/api/cameras/20b2298a-90cf-463f-b172-0b398a34f061/image,,East Side avenues,True,inside polygon
91567cf3-e527-4bb7-a6a6-e95656af5ca8,1 Ave @ E 120 Street,40.798583,-73.933382,Manhattan,True,https://webcams.nyctmc.org/api/cameras/91567cf3-e527-4bb7-a6a6-e95656af5ca8/image,,East Side avenues,True,inside polygon
9d86d84c-6d3a-45a6-a8ad-fb5ab52f2b52,E 57 St @ QBB UPPER LEVEL,40.758995,-73.964486,Manhattan,True,https://webcams.nyctmc.org/api/cameras/9d86d84c-6d3a-45a6-a8ad-fb5ab52f2b52/image,,Queensboro Bridge,True,inside polygon
5adef8a1-5ad0-4a73-8d87-e1e545ba8cbb,FDR Dr @ 73 St,40.766599,-73.950845,Manhattan,True,https://webcams.nyctmc.org/api/cameras/5adef8a1-5ad0-4a73-8d87-e1e545ba8cbb/image,,FDR Drive,True,inside polygon
07b8616e-373e-4ec9-89cc-11cad7d59fcb,Worth St @ Centre St,40.715157,-74.00213,Manhattan,True,https://webcams.nyctmc.org/api/cameras/07b8616e-373e-4ec9-89cc-11cad7d59fcb/image,,,True,inside polygon
0cef143f-b3d8-4066-84ee-6114fa6e76e0,Lexington Ave @ E 110 Street,40.795015,-73.944542,Manhattan,True,https://webcams.nyctmc.org/api/cameras/0cef143f-b3d8-4066-84ee-6114fa6e76e0/image,,East Side avenues,True,inside polygon
04ffc69c-92a7-4c02-aa18-2b16e7ba81f2,FDR Dr @ 36 St,40.744441,-73.971242,Manhattan,True,https://webcams.nyctmc.org/api/cameras/04ffc69c-92a7-4c02-aa18-2b16e7ba81f2/image,,FDR Drive,True,inside polygon
330e2a88-3cea-4ce5-b1a2-ae8440de9b1a,1 Ave @ 84 St,40.7755,-73.9502,Manhattan,True,https://webcams.nyctmc.org/api/cameras/330e2a88-3cea-4ce5-b1a2-ae8440de9b1a/image,,East Side avenues,True,inside polygon
175cc1f1-0543-41c9-85fb-464ec29687de,Park Ave @ E 116 Street,40.799265,-73.94294,Manhattan,True,https://webcams.nyctmc.org/api/cameras/175cc1f1-0543-41c9-85fb-464ec29687de/image,,East Side avenues,True,inside polygon
1fe143ba-7133-422f-b594-d6712559c523,2 Ave @ 125 St,40.80275,-73.933633,Manhattan,True,https://webcams.nyctmc.org/api/cameras/1fe143ba-7133-422f-b594-d6712559c523/image,,East Side avenues,True,inside polygon
5ce5f31b-fce3-4f60-9534-5986c8b668eb,3 Ave @ E 120 Street,40.800503,-73.938107,Manhattan,True,https://webcams.nyctmc.org/api/cameras/5ce5f31b-fce3-4f60-9534-5986c8b668eb/image,,East Side avenues,True,inside polygon
17b6c7dd-2aa7-442a-8832-d39051a47d1b,Park Ave @ 34 St,40.747084,-73.981357,Manhattan,True,https://webcams.nyctmc.org/api/cameras/17b6c7dd-2aa7-442a-8832-d39051a47d1b/image,,East Side avenues,True,inside polygon
a9fb8f19-98a1-4b2b-a920-a3537cc4908f,Lexington Ave @ E 120 St,40.80105,-73.939747,Manhattan,True,https://webcams.nyctmc.org/api/cameras/a9fb8f19-98a1-4b2b-a920-a3537cc4908f/image,,East Side avenues,True,inside polygon
ae2f7e1a-e781-4d24-9434-12f4f4ef4f2b,WBB -17  SOR - 2  @ Delancey St/FDR,40.71481,-73.976595,Manhattan,True,https://webcams.nyctmc.org/api/cameras/ae2f7e1a-e781-4d24-9434-12f4f4ef4f2b/image,,FDR Drive,True,inside polygon
927f8797-4a7e-4b6d-b11f-cee68a027dc9,2 Ave @ E 102 St,40.788045,-73.944275,Manhattan,True,https://webcams.nyctmc.org/api/cameras/927f8797-4a7e-4b6d-b11f-cee68a027dc9/image,,East Side avenues,True,inside polygon
08ad39a9-300a-47f7-a708-2670843e6add,2 Ave @ E 116 St,40.79688,-73.937698,Manhattan,True,https://webcams.nyctmc.org/api/cameras/08ad39a9-300a-47f7-a708-2670843e6add/image,,East Side avenues,True,inside polygon
af741eca-a192-41be-890a-22c7ae7d159a,WBB-10 NIR-4 @ FDR RD,40.714971,-73.976438,Manhattan,True,https://webcams.nyctmc.org/api/cameras/af741eca-a192-41be-890a-22c7ae7d159a/image,,FDR Drive,True,inside polygon
b062d611-e0e8-40be-a180-c583391276f5,Park Ave @ 72 St,40.77114,-73.963907,Manhattan,True,https://webcams.nyctmc.org/api/cameras/b062d611-e0e8-40be-a180-c583391276f5/image,,East Side avenues,True,inside polygon
65440c6b-ee6c-4406-8542-2992b6edf3f5,Lexington Ave @ 72 St,40.770429,-73.962214,Manhattan,True,https://webcams.nyctmc.org/api/cameras/65440c6b-ee6c-4406-8542-2992b6edf3f5/image,,East Side avenues,True,inside polygon
f7c4d5d5-f4d4-4590-9459-6491507ae9f9,1 Ave @ 59 St,40.759615,-73.961967,Manhattan,True,https://webcams.nyctmc.org/api/cameras/f7c4d5d5-f4d4-4590-9459-6491507ae9f9/image,,East Side avenues,True,inside polygon
06d36cfe-a331-4cfd-8ff1-84e4d711e418,E 63 St @ QBB,40.762708,-73.961589,Manhattan,True,https://webcams.nyctmc.org/api/cameras/06d36cfe-a331-4cfd-8ff1-84e4d711e418/image,,Queensboro Bridge,True,inside polygon
4bd443cf-374f-493b-a99e-5f7ef81bb62c,3 Ave @ E 88 St,40.780144,-73.953037,Manhattan,True,https://webcams.nyctmc.org/api/cameras/4bd443cf-374f-493b-a99e-5f7ef81bb62c/image,,East Side avenues,True,inside polygon
0173e3be-ac26-49b0-bf76-642428d0721a,QBB NOR @ W Channel,40.758048,-73.957042,Manhattan,True,https://webcams.nyctmc.org/api/cameras/0173e3be-ac26-49b0-bf76-642428d0721a/image,,Queensboro Bridge,True,inside polygon
1f0cfaad-4c0a-46e8-a5e3-f206d83a875d,Delancy St @ Essex St,40.718557,-73.988199,Manhattan,True,https://webcams.nyctmc.org/api/cameras/1f0cfaad-4c0a-46e8-a5e3-f206d83a875d/image,,,True,inside polygon
18afd744-f7ce-41c2-98d1-93e87929f627,2 Ave @ E 110 Street,40.793068,-73.94049,Manhattan,True,https://webcams.nyctmc.org/api/cameras/18afd744-f7ce-41c2-98d1-93e87929f627/image,,East Side avenues,True,inside polygon
23994d9e-7e59-4808-8d47-405f779d19cf,1 Ave @ 14 St,40.731361,-73.982486,Manhattan,True,https://webcams.nyctmc.org/api/cameras/23994d9e-7e59-4808-8d47-405f779d19cf/image,,East Side avenues,True,inside polygon
311a7ce2-4648-45f7-8b69-32709361adb7,1 Ave @ 96 St,40.783304,-73.944662,Manhattan,True,https://webcams.nyctmc.org/api/cameras/311a7ce2-4648-45f7-8b69-32709361adb7/image,,East Side avenues,True,inside polygon
38c07664-0329-471e-997f-6a9015a5bcef,1 Ave @ 124 St,40.801009,-73.931756,Manhattan,True,https://webcams.nyctmc.org/api/cameras/38c07664-0329-471e-997f-6a9015a5bcef/image,,East Side avenues,True,inside polygon
482e6d35-2a67-4bbf-b36f-fdf7e031d607,5 AVE @ 50 St,40.75856,-73.9772,Manhattan,True,https://webcams.nyctmc.org/api/cameras/482e6d35-2a67-4bbf-b36f-fdf7e031d607/image,,,True,inside polygon
98c2de4e-fa0c-41d0-b1ea-6d1df833d792,Allan St (1 Ave) @ Houston St (B),40.72289,-73.988622,Manhattan,True,https://webcams.nyctmc.org/api/cameras/98c2de4e-fa0c-41d0-b1ea-6d1df833d792/image,,East Side avenues,True,inside polygon
5674d0ea-703a-43c3-bea7-2b372d1eb00b,2 Ave @ 72 St,40.768801,-73.958427,Manhattan,True,https://webcams.nyctmc.org/api/cameras/5674d0ea-703a-43c3-bea7-2b372d1eb00b/image,,East Side avenues,True,inside polygon
10c5f42d-6b32-4533-9c35-5715af4e4c76,3 Ave @ E 86 St,40.778737,-73.953921,Manhattan,True,https://webcams.nyctmc.org/api/cameras/10c5f42d-6b32-4533-9c35-5715af4e4c76/image,,East Side avenues,True,inside polygon
214340ac-8243-4820-b924-f36caff361e2,2 Ave @ 36 St-Midtown Tunnel,40.7460850794673,-73.9749605630373,Manhattan,True,https://webcams.nyctmc.org/api/cameras/214340ac-8243-4820-b924-f36caff361e2/image,,Queens-Midtown Tunnel,True,inside polygon
6316453d-6161-4b98-a8e7-0e36c69d267c,2 Ave @ 74 St,40.770142,-73.957381,Manhattan,True,https://webcams.nyctmc.org/api/cameras/6316453d-6161-4b98-a8e7-0e36c69d267c/image,,East Side avenues,True,inside polygon
1e627100-9bce-4e78-bcd3-736344a2236c,FDR Dr @ Brooklyn Bridge Exit NB,40.708446,-73.998459,Manhattan,True,https://webcams.nyctmc.org/api/cameras/1e627100-9bce-4e78-bcd3-736344a2236c/image,,FDR Drive,True,inside polygon
421960d6-54a8-4f12-a5ee-7a07390def4c,MADISON @ 57 ST,40.7622962700164,-73.9723570534941,Manhattan,True,https://webcams.nyctmc.org/api/cameras/421960d6-54a8-4f12-a5ee-7a07390def4c/image,,,True,inside polygon
8f692f55-8118-423b-8bcb-1ea49eaf442b,2 Ave @ 42 St,40.7498342023994,-73.9722170340956,Manhattan,True,https://webcams.nyctmc.org/api/cameras/8f692f55-8118-423b-8bcb-1ea49eaf442b/image,,East Side avenues,True,inside polygon
9dbb3101-9918-4b61-946f-a34d7c7c662b,East Houston St @ Ave B,40.721437,-73.983838,Manhattan,True,https://webcams.nyctmc.org/api/cameras/9dbb3101-9918-4b61-946f-a34d7c7c662b/image,,,True,inside polygon
a409e9bd-6a0f-4cdc-81d8-290d5709dc74,FDR @ 38 St,40.7458,-73.9705,Manhattan,True,https://webcams.nyctmc.org/api/cameras/a409e9bd-6a0f-4cdc-81d8-290d5709dc74/image,,FDR Drive,True,inside polygon
0267c1e2-6eaf-49d4-a063-df89e9242993,FDR Dr @ 79 St,40.770256,-73.947626,Manhattan,True,https://webcams.nyctmc.org/api/cameras/0267c1e2-6eaf-49d4-a063-df89e9242993/image,,FDR Drive,True,inside polygon
db5f8b82-99b1-45f3-a520-7d1f91d0a49a,1 Ave @ E 14 St,40.731331,-73.982561,Manhattan,True,https://webcams.nyctmc.org/api/cameras/db5f8b82-99b1-45f3-a520-7d1f91d0a49a/image,,East Side avenues,True,inside polygon
2a0021de-869a-4a31-b151-0be7f78d9c05,MHB-17 Manh LRW @ X OVER,40.712361,-73.993504,Manhattan,True,https://webcams.nyctmc.org/api/cameras/2a0021de-869a-4a31-b151-0be7f78d9c05/image,,,True,inside polygon
08e77bd0-c673-4303-b772-243fdee28d6c,BB-28A Manhattan Tower North,40.707365,-73.998188,Manhattan,True,https://webcams.nyctmc.org/api/cameras/08e77bd0-c673-4303-b772-243fdee28d6c/image,,,True,inside polygon
879ab924-18ac-4779-a681-395d73a0f0cc,Madison Ave @ E 44 St,40.754038,-73.97827,Manhattan,True,https://webcams.nyctmc.org/api/cameras/879ab924-18ac-4779-a681-395d73a0f0cc/image,,East Side avenues,True,inside polygon
16de4b9a-83fe-4d11-91cd-d775cc1e559c,FDR Dr @ 111 ST,40.791666,-73.935403,Manhattan,True,https://webcams.nyctmc.org/api/cameras/16de4b9a-83fe-4d11-91cd-d775cc1e559c/image,,FDR Drive,True,inside polygon
3546896d-d4c6-4966-8a43-2fe62e26526f,E 8 St @ Lafayette St,40.730175,-73.991076,Manhattan,True,https://webcams.nyctmc.org/api/cameras/3546896d-d4c6-4966-8a43-2fe62e26526f/image,,,True,inside polygon
3fd80992-482b-4e88-ad7f-8c74690a8d37,BB-26 South Rdwy @ West of Manhattan Twr,40.707458,-73.998712,Brooklyn,True,https://webcams.nyctmc.org/api/cameras/3fd80992-482b-4e88-ad7f-8c74690a8d37/image,,,True,inside polygon
02d7db8e-481d-477e-9cdb-a2b6c6ec1ca3,2 Ave @ E 14 St,40.732373,-73.984954,Manhattan,True,https://webcams.nyctmc.org/api/cameras/02d7db8e-481d-477e-9cdb-a2b6c6ec1ca3/image,,East Side avenues,True,inside polygon
bff66919-97a3-47ca-b16d-ca07ff93a546,Lexington Ave @ 23 St,40.7395059171263,-73.9847405603646,Manhattan,True,https://webcams.nyctmc.org/api/cameras/bff66919-97a3-47ca-b16d-ca07ff93a546/image,,East Side avenues,True,inside polygon
0b4bd3d3-1741-49b3-87cc-d0960fa5f424,Lexington Ave @ 34 St,40.7464005840423,-73.9797313879486,Manhattan,True,https://webcams.nyctmc.org/api/cameras/0b4bd3d3-1741-49b3-87cc-d0960fa5f424/image,,East Side avenues,True,inside polygon
180dcc87-d861-43e3-8898-9ad5ee1a26a9,Lexington Ave @ 57 ST,40.7609271914359,-73.9691468531185,Manhattan,True,https://webcams.nyctmc.org/api/cameras/180dcc87-d861-43e3-8898-9ad5ee1a26a9/image,,East Side avenues,True,inside polygon
48cd1b5b-f361-4683-9d83-492d4789d7ea,Grand St @ Allen St,40.717382,-73.991308,Manhattan,True,https://webcams.nyctmc.org/api/cameras/48cd1b5b-f361-4683-9d83-492d4789d7ea/image,,,True,inside polygon
9aeb8a21-e4be-459a-ac9c-9ac282f0f929,1 Avenue @ East 60 Street,40.760204,-73.961502,Manhattan,True,https://webcams.nyctmc.org/api/cameras/9aeb8a21-e4be-459a-ac9c-9ac282f0f929/image,,,True,inside polygon
30bcfac8-ebd1-40c7-ae4c-1d93113bd465,BB-21 North Rdwy @ Above South St,40.708272,-73.999488,Manhattan,True,https://webcams.nyctmc.org/api/cameras/30bcfac8-ebd1-40c7-ae4c-1d93113bd465/image,,,True,inside polygon
3a3d7bc0-7f35-46ba-9cca-75fe83aac34d,5 Ave @ 34 St,40.7484435553342,-73.9845677012874,Manhattan,True,https://webcams.nyctmc.org/api/cameras/3a3d7bc0-7f35-46ba-9cca-75fe83aac34d/image,,,True,inside polygon
3486cafa-aab2-418a-baa4-89dcc438e8c9,5 Ave @ 23 St,40.7415700588724,-73.9895780597063,Manhattan,True,https://webcams.nyctmc.org/api/cameras/3486cafa-aab2-418a-baa4-89dcc438e8c9/image,,,True,inside polygon
73b66e92-508f-407c-bada-883ab992fde0,Broadway @ Vesey St,40.711408,-74.008688,Manhattan,True,https://webcams.nyctmc.org/api/cameras/73b66e92-508f-407c-bada-883ab992fde0/image,,,True,inside polygon
aacb43bf-ed37-44c6-a2fe-8449a7851306,5 Ave @ 35 St,40.749128,-73.984083,Manhattan,True,https://webcams.nyctmc.org/api/cameras/aacb43bf-ed37-44c6-a2fe-8449a7851306/image,,,True,inside polygon
96be7098-dda4-42da-bfe2-55bc5c6b94fb,Baxter St @ Canal Street,40.7175537302479,-73.999310720446,Manhattan,True,https://webcams.nyctmc.org/api/cameras/96be7098-dda4-42da-bfe2-55bc5c6b94fb/image,,,True,inside polygon
beda95e2-f7d1-43a3-9a8b-7ab89e03f296,FDR Dr @ Catherine Street,40.708979,-73.996036,Manhattan,True,https://webcams.nyctmc.org/api/cameras/beda95e2-f7d1-43a3-9a8b-7ab89e03f296/image,,FDR Drive,True,inside polygon
0acd4543-183d-40c7-993e-e39eb831de0b,QBB LL CM @ York Ave,40.759021,-73.959431,Manhattan,True,https://webcams.nyctmc.org/api/cameras/0acd4543-183d-40c7-993e-e39eb831de0b/image,,Queensboro Bridge,True,inside polygon
434094f8-1be4-4c19-8067-1e11049e46b4,Madison Ave @ 46 St - Manhattan,40.755508,-73.977437,Manhattan,True,https://webcams.nyctmc.org/api/cameras/434094f8-1be4-4c19-8067-1e11049e46b4/image,,East Side avenues,True,inside polygon
2334b7bd-a237-4bf5-9224-5241bd4ee29e,WBB-6 South Rdwy @ Delancy St and Clinton St,40.717622,-73.985843,Manhattan,True,https://webcams.nyctmc.org/api/cameras/2334b7bd-a237-4bf5-9224-5241bd4ee29e/image,,,True,inside polygon
a9979a0c-71f2-4f5e-a87c-4d29c1104d5c,WBB-6 North Rdwy @ Delancey St & Clinton St,40.717805,-73.985691,Manhattan,True,https://webcams.nyctmc.org/api/cameras/a9979a0c-71f2-4f5e-a87c-4d29c1104d5c/image,,,True,inside polygon
46181c0e-f2ae-4daa-8a94-74dd5b2bbc19,QBB NOR @ York Ave,40.759134,-73.959401,Manhattan,True,https://webcams.nyctmc.org/api/cameras/46181c0e-f2ae-4daa-8a94-74dd5b2bbc19/image,,Queensboro Bridge,True,inside polygon
ba3d9734-3871-4d49-b46b-88d88dd96e71,AVE C @ 23 St,40.73545,-73.9751,Manhattan,True,https://webcams.nyctmc.org/api/cameras/ba3d9734-3871-4d49-b46b-88d88dd96e71/image,,,True,inside polygon
4f688c33-672c-4bac-bf2b-98438d464ccd,BB-25 North Rdwy @ West of Manhattan Twr,40.707558,-73.998581,Brooklyn,True,https://webcams.nyctmc.org/api/cameras/4f688c33-672c-4bac-bf2b-98438d464ccd/image,,,True,inside polygon
547cd268-58f9-4a84-a235-dbaa0432d79a,South Street @ Pike Street,40.709853,-73.991746,Manhattan,True,https://webcams.nyctmc.org/api/cameras/547cd268-58f9-4a84-a235-dbaa0432d79a/image,,,True,inside polygon
74bdd301-683c-4ea7-abf2-a5715dca8e17,York Ave @ 63 St,40.761216,-73.957815,Manhattan,True,https://webcams.nyctmc.org/api/cameras/74bdd301-683c-4ea7-abf2-a5715dca8e17/image,,East Side avenues,True,inside polygon
b5a78bda-3ca9-4ad4-bd03-4cee70baba2d,5 Ave @ 59 St,40.764289,-73.973023,Manhattan,True,https://webcams.nyctmc.org/api/cameras/b5a78bda-3ca9-4ad4-bd03-4cee70baba2d/image,,,True,inside polygon
d1363c77-e061-4414-be82-e6d749254859,Madison Ave @ 42 St,40.7528121596316,-73.9792838595713,Manhattan,True,https://webcams.nyctmc.org/api/cameras/d1363c77-e061-4414-be82-e6d749254859/image,,East Side avenues,True,inside polygon
85837859-3e5d-4e1b-8740-1c2ea3ed5662,Broome St and Lafayette St,40.721091,-73.998074,Manhattan,True,https://webcams.nyctmc.org/api/cameras/85837859-3e5d-4e1b-8740-1c2ea3ed5662/image,,,True,inside polygon
3df06012-4c10-46e1-81d0-55405342e8df,3 AVE @ 76 St,40.77234,-73.9587,Manhattan,True,https://webcams.nyctmc.org/api/cameras/3df06012-4c10-46e1-81d0-55405342e8df/image,,East Side avenues,True,inside polygon
a249b3ee-bde9-4d6d-9a18-9cd2108d2eb0,Allen St @ Delancey St (B),40.719108,-73.99043,Manhattan,True,https://webcams.nyctmc.org/api/cameras/a249b3ee-bde9-4d6d-9a18-9cd2108d2eb0/image,,,True,inside polygon
b7e5959c-1fc5-4fd2-a73e-426127b587b1,Park Ave @ 86 St,40.780167,-73.957114,Manhattan,True,https://webcams.nyctmc.org/api/cameras/b7e5959c-1fc5-4fd2-a73e-426127b587b1/image,,East Side avenues,True,inside polygon
33aa3bec-8143-421c-a0f7-866a2feaa352,QBB SOR @ W Channel,40.757835,-73.956944,Manhattan,True,https://webcams.nyctmc.org/api/cameras/33aa3bec-8143-421c-a0f7-866a2feaa352/image,,Queensboro Bridge,True,inside polygon
1eb66413-6761-4eb0-bc04-e2533bb74b42,Madison Ave @ 49 St,40.7572361824409,-73.9760573417802,Manhattan,True,https://webcams.nyctmc.org/api/cameras/1eb66413-6761-4eb0-bc04-e2533bb74b42/image,,East Side avenues,True,inside polygon
b95471db-03ed-4fc3-9b91-561328029fd4,Houston St @ Bowery St,40.724113,-73.992623,Manhattan,True,https://webcams.nyctmc.org/api/cameras/b95471db-03ed-4fc3-9b91-561328029fd4/image,,,True,inside polygon
5b44d19e-de48-4941-b071-d2a4c08bd230,2 Ave @ 58 St,40.759333,-73.965302,Manhattan,True,https://webcams.nyctmc.org/api/cameras/5b44d19e-de48-4941-b071-d2a4c08bd230/image,,East Side avenues,True,inside polygon
c5040f93-f4ec-4803-8370-8b931b0443e2,FDR Dr @ 64 St,40.761186,-73.955676,Manhattan,True,https://webcams.nyctmc.org/api/cameras/c5040f93-f4ec-4803-8370-8b931b0443e2/image,,FDR Drive,True,inside polygon
5bb6d7d8-39ce-43b8-b539-376fbcf73927,3 Ave @ 49 St,40.7552116061846,-73.9712421172846,Manhattan,True,https://webcams.nyctmc.org/api/cameras/5bb6d7d8-39ce-43b8-b539-376fbcf73927/image,,East Side avenues,True,inside polygon
c6d013c9-e69b-4824-8dad-b6580491d916,Madison Ave @ E 43 St,40.753417,-73.97874,Manhattan,True,https://webcams.nyctmc.org/api/cameras/c6d013c9-e69b-4824-8dad-b6580491d916/image,,East Side avenues,True,inside polygon
d892897d-5a64-4450-9502-2e91b3ce5eea,QBB SOR @ Sutton Pl,40.758977,-73.959504,Manhattan,True,https://webcams.nyctmc.org/api/cameras/d892897d-5a64-4450-9502-2e91b3ce5eea/image,,Queensboro Bridge,True,inside polygon
15f7a00b-5afb-4193-a5e4-dfe7710a5dfe,3 AVE @ 34 ST,40.7457272953698,-73.9781169718397,Manhattan,True,https://webcams.nyctmc.org/api/cameras/15f7a00b-5afb-4193-a5e4-dfe7710a5dfe/image,,East Side avenues,True,inside polygon
5c2b7782-2fb8-486f-89d2-0c16b6eac70c,BB-15 North Rdwy @ Manhattan Anchorage,40.709185,-74.000555,Brooklyn,True,https://webcams.nyctmc.org/api/cameras/5c2b7782-2fb8-486f-89d2-0c16b6eac70c/image,,,True,inside polygon
9eca011a-81b1-4e4a-b44a-4ee2bc8affff,Queens Midtown Tunnel Exit @ 37 St,40.747325,-73.976079,Manhattan,True,https://webcams.nyctmc.org/api/cameras/9eca011a-81b1-4e4a-b44a-4ee2bc8affff/image,,Queens-Midtown Tunnel,True,inside polygon
0952329e-6b6f-4286-b5e3-b682eae94e52,Broadway @ Chambers St,40.714177,-74.006307,Manhattan,False,https://webcams.nyctmc.org/api/cameras/0952329e-6b6f-4286-b5e3-b682eae94e52/image,,,True,inside polygon
5352e130-4668-4be5-a7b9-9e1ce4ea6d4c,3 Ave @ 42 St,40.7507631595424,-73.9744615986273,Manhattan,True,https://webcams.nyctmc.org/api/cameras/5352e130-4668-4be5-a7b9-9e1ce4ea6d4c/image,,East Side avenues,True,inside polygon
444aa32f-8102-4ca6-a7f8-5c9fd8fd5571,Houston St @ Christies St,40.723591,-73.991117,Manhattan,True,https://webcams.nyctmc.org/api/cameras/444aa32f-8102-4ca6-a7f8-5c9fd8fd5571/image,,,True,inside polygon
2589c0d6-c389-4861-b812-4ae68f560eba,46 St Bet. 5 Ave & Madison Ave,40.7557483,-73.9784187,Manhattan,True,https://webcams.nyctmc.org/api/cameras/2589c0d6-c389-4861-b812-4ae68f560eba/image,,East Side avenues,True,inside polygon
5f9ef54f-f3ac-4ce9-ad39-2e483467867a,WBB - 5 NOR-5 @ Delancey St North/FDR,40.715043,-73.976486,Manhattan,True,https://webcams.nyctmc.org/api/cameras/5f9ef54f-f3ac-4ce9-ad39-2e483467867a/image,,FDR Drive,True,inside polygon
8d7e94a5-7a81-4e92-8171-9f6c0f0ca7bf,FDR @ E 53 St,40.754739,-73.96219,Manhattan,True,https://webcams.nyctmc.org/api/cameras/8d7e94a5-7a81-4e92-8171-9f6c0f0ca7bf/image,,FDR Drive,True,inside polygon
a356e2c6-7d95-4d93-85c1-da3d05485d8c,MADISON @ 34 ST,40.7477755134971,-73.9829511142234,Manhattan,True,https://webcams.nyctmc.org/api/cameras/a356e2c6-7d95-4d93-85c1-da3d05485d8c/image,,,True,inside polygon
63bf5db0-582d-4482-ad51-52338c7f9906,3 Ave @ 14 St,40.733275,-73.987279,Manhattan,True,https://webcams.nyctmc.org/api/cameras/63bf5db0-582d-4482-ad51-52338c7f9906/image,,East Side avenues,True,inside polygon
62b3062d-542f-40f1-86ec-206710e789b6,3 Ave @ 57 St,40.760252895987,-73.967542473241,Manhattan,True,https://webcams.nyctmc.org/api/cameras/62b3062d-542f-40f1-86ec-206710e789b6/image,,East Side avenues,True,inside polygon
4602d793-d397-40c8-9748-de0d3dcddcfb,QBB LL CM @ W Channel,40.757784,-73.956813,Manhattan,True,https://webcams.nyctmc.org/api/cameras/4602d793-d397-40c8-9748-de0d3dcddcfb/image,,Queensboro Bridge,True,inside polygon
05468f62-4092-4ff5-9bb6-0f70e56ff544,2 Ave @ 49 St,40.75426,-73.968991,Manhattan,True,https://webcams.nyctmc.org/api/cameras/05468f62-4092-4ff5-9bb6-0f70e56ff544/image,,East Side avenues,True,inside polygon
606916f2-cd00-4893-9d2b-4c9f9d6d974f,AVE C @ 18 St,40.7316,-73.9742,Manhattan,True,https://webcams.nyctmc.org/api/cameras/606916f2-cd00-4893-9d2b-4c9f9d6d974f/image,,,True,inside polygon
cd949f21-54b2-4d11-8aae-4ffba8654271,5 Ave @ E 60 St,40.764959,-73.972578,Manhattan,True,https://webcams.nyctmc.org/api/cameras/cd949f21-54b2-4d11-8aae-4ffba8654271/image,,,True,inside polygon
8933100a-8229-42fe-b4b2-265db410d7ae,5 Ave @ 46 St,40.756036,-73.979014,Manhattan,True,https://webcams.nyctmc.org/api/cameras/8933100a-8229-42fe-b4b2-265db410d7ae/image,,,True,inside polygon
cd229284-a743-4ac4-9430-366f11e68d6c,Irving Pl @ 14 St,40.733984,-73.988693,Manhattan,True,https://webcams.nyctmc.org/api/cameras/cd229284-a743-4ac4-9430-366f11e68d6c/image,,,True,inside polygon
0f3b6031-fe36-43df-b2c7-6120e0580309,Brooklyn Bridge - Ped Walk Way,40.709046,-74.000735,Manhattan,True,https://webcams.nyctmc.org/api/cameras/0f3b6031-fe36-43df-b2c7-6120e0580309/image,,Brooklyn Bridge,True,inside polygon
9e3e26ae-d49f-4f64-ba99-113b779c25a2,Park Ave @ 53 St,40.759067,-73.97261,Manhattan,True,https://webcams.nyctmc.org/api/cameras/9e3e26ae-d49f-4f64-ba99-113b779c25a2/image,,East Side avenues,True,inside polygon
03a8a2da-3ac2-45aa-a5ba-4ff7d1ecbd22,5 Ave @ 47 St,40.756682,-73.978578,Manhattan,True,https://webcams.nyctmc.org/api/cameras/03a8a2da-3ac2-45aa-a5ba-4ff7d1ecbd22/image,,,True,inside polygon
074b4e06-5090-47a5-b672-8b15780c9255,2 Ave @ 79 St,40.773298,-73.955022,Manhattan,True,https://webcams.nyctmc.org/api/cameras/074b4e06-5090-47a5-b672-8b15780c9255/image,,East Side avenues,True,inside polygon
ce81bdbd-967b-4ad0-ab40-c4628bb59560,Park Ave @ 106 St,40.79294,-73.9479,Manhattan,True,https://webcams.nyctmc.org/api/cameras/ce81bdbd-967b-4ad0-ab40-c4628bb59560/image,,East Side avenues,True,inside polygon
cdfc2dbe-7ce3-4775-ab7a-8440a9828358,Worth Street @ Bowery,40.713578,-73.998542,Manhattan,True,https://webcams.nyctmc.org/api/cameras/cdfc2dbe-7ce3-4775-ab7a-8440a9828358/image,,,True,inside polygon
e278de5c-4cfa-46e7-aa85-59512db61f0d,FDR Dr @ 23 St,40.7348035082712,-73.9746809005737,Manhattan,True,https://webcams.nyctmc.org/api/cameras/e278de5c-4cfa-46e7-aa85-59512db61f0d/image,,FDR Drive,True,inside polygon
d67e45e9-034f-4bd9-9bc3-12d07a12af48,3 Ave @ 114 St,40.7966,-73.9408,Manhattan,True,https://webcams.nyctmc.org/api/cameras/d67e45e9-034f-4bd9-9bc3-12d07a12af48/image,,East Side avenues,True,inside polygon
d45fb588-de4c-4139-9e27-5b2d4c371b3d,York Ave @ 72 St,40.76687,-73.9538,Manhattan,True,https://webcams.nyctmc.org/api/cameras/d45fb588-de4c-4139-9e27-5b2d4c371b3d/image,,East Side avenues,True,inside polygon
f2b94b32-fc41-42b6-935d-8330374ca05a,1 Ave @ 110 St,40.792177,-73.93825,Manhattan,True,https://webcams.nyctmc.org/api/cameras/f2b94b32-fc41-42b6-935d-8330374ca05a/image,,East Side avenues,True,inside polygon
d2940392-4ee6-433a-ae24-f4f4f15f2566,MHB-16A Manh East of Colonnade Entr,40.715131,-73.995022,Manhattan,True,https://webcams.nyctmc.org/api/cameras/d2940392-4ee6-433a-ae24-f4f4f15f2566/image,,,True,inside polygon
d1d8cd99-7609-409a-a739-f5913dabf4e6,Lexington Ave @ 49 St,40.7558782935853,-73.972833819289,Manhattan,True,https://webcams.nyctmc.org/api/cameras/d1d8cd99-7609-409a-a739-f5913dabf4e6/image,,East Side avenues,True,inside polygon
9f6b60c8-b940-4eec-a3c5-4b60d24c751b,YORK AVENUE @ EAST 60 STREET,40.759303,-73.959266,Manhattan,True,https://webcams.nyctmc.org/api/cameras/9f6b60c8-b940-4eec-a3c5-4b60d24c751b/image,,,True,inside polygon
1546f761-039c-4b5c-af5e-75c83c9f603f,Lexington Ave @ 42 St,40.7514494972593,-73.976060779701,Manhattan,True,https://webcams.nyctmc.org/api/cameras/1546f761-039c-4b5c-af5e-75c83c9f603f/image,,East Side avenues,True,inside polygon
d9cd00ff-9b8e-492f-8b02-db27b6cf847c,BB - Ramp from Pearl St - 156.104,40.710974,-74.003631,Manhattan,True,https://webcams.nyctmc.org/api/cameras/d9cd00ff-9b8e-492f-8b02-db27b6cf847c/image,,,True,inside polygon
d83aed40-b117-424b-8caf-35c3afe82527,East 60th St @ Queensboro Bridge Exit,40.760807,-73.962886,Manhattan,True,https://webcams.nyctmc.org/api/cameras/d83aed40-b117-424b-8caf-35c3afe82527/image,,Queensboro Bridge,True,inside polygon
6fc602cf-72c5-40cc-9a42-9a844de7bc1a,Grand St @ Essex St,40.716723,-73.989158,Manhattan,True,https://webcams.nyctmc.org/api/cameras/6fc602cf-72c5-40cc-9a42-9a844de7bc1a/image,,,True,inside polygon
69c109a1-a8dd-4164-bbc1-88497dc67c1e,MHB-20 Mahn S URW @ Anch,40.710786,-73.992738,Manhattan,True,https://webcams.nyctmc.org/api/cameras/69c109a1-a8dd-4164-bbc1-88497dc67c1e/image,,,True,inside polygon
6fa8acf2-f5bf-4200-afde-1240868ca3e3,Houston St @ Lafeyette St,40.725063,-73.995413,Manhattan,True,https://webcams.nyctmc.org/api/cameras/6fa8acf2-f5bf-4200-afde-1240868ca3e3/image,,,True,inside polygon
e0ac368d-414a-4606-bea5-236e94a2d5b5,Brooklyn Bridge @ Centre Street,40.712423,-74.004937,Manhattan,True,https://webcams.nyctmc.org/api/cameras/e0ac368d-414a-4606-bea5-236e94a2d5b5/image,,Brooklyn Bridge,True,inside polygon
e4542be1-fe19-4efa-a25e-0d0c1065c8a2,58 St @ QBB UL Approach,40.75959,-73.96396,Manhattan,True,https://webcams.nyctmc.org/api/cameras/e4542be1-fe19-4efa-a25e-0d0c1065c8a2/image,,Queensboro Bridge,True,inside polygon
7ae8f58a-84e9-4c9f-9e90-daa2dc548f20,Pearl Street @ St. James Pl,40.711038,-74.000466,Manhattan,True,https://webcams.nyctmc.org/api/cameras/7ae8f58a-84e9-4c9f-9e90-daa2dc548f20/image,,,True,inside polygon
786650de-d254-47dc-aa8a-de9a4c231a2a,2 Ave @ 23 St,40.737876,-73.980926,Manhattan,True,https://webcams.nyctmc.org/api/cameras/786650de-d254-47dc-aa8a-de9a4c231a2a/image,,East Side avenues,True,inside polygon
fcaf0a31-e2ec-4abe-815d-2623d5e7b87b,WBB SIR - 1 @ Manhattan Anchorage,40.7150465,-73.9772337,Manhattan,True,https://webcams.nyctmc.org/api/cameras/fcaf0a31-e2ec-4abe-815d-2623d5e7b87b/image,,,True,inside polygon
7a7016c5-a086-40fd-9298-90f17f8b6cea,5 Ave @ 49 St,40.7579183170509,-73.9776717716469,Manhattan,True,https://webcams.nyctmc.org/api/cameras/7a7016c5-a086-40fd-9298-90f17f8b6cea/image,,,True,inside polygon
79f45918-c13e-4357-9ccb-9e3e7ea5b6af,1 Ave @ 57 st,40.75823,-73.96289,Manhattan,True,https://webcams.nyctmc.org/api/cameras/79f45918-c13e-4357-9ccb-9e3e7ea5b6af/image,,East Side avenues,True,inside polygon
9a44eb83-317e-4d83-8f0d-e753316c537e,QBB LL CM @ E Channel,40.757631,-73.956358,Queens,True,https://webcams.nyctmc.org/api/cameras/9a44eb83-317e-4d83-8f0d-e753316c537e/image,,Queensboro Bridge,True,inside polygon
93dea5a7-a63f-4415-ae12-f32b62540f11,Kenmare St @ Cleveland pl,40.72147,-73.9974,Manhattan,True,https://webcams.nyctmc.org/api/cameras/93dea5a7-a63f-4415-ae12-f32b62540f11/image,,,True,inside polygon
dcef88ca-8811-4b82-8fa9-50225dd03bc4,Br Br-19 N Rdwy @ FDR Dr,40.708195,-73.999305,Manhattan,True,https://webcams.nyctmc.org/api/cameras/dcef88ca-8811-4b82-8fa9-50225dd03bc4/image,,FDR Drive,True,inside polygon
79e4e388-89f4-49ed-880f-390bb2b76651,QBB SOR @ 1 Ave,40.759953,-73.961713,Manhattan,True,https://webcams.nyctmc.org/api/cameras/79e4e388-89f4-49ed-880f-390bb2b76651/image,,Queensboro Bridge,True,inside polygon
fec41cf4-e167-48ae-9d40-785d8e86078d,MHB-16 Manhattan Colonade Entr,40.716139,-73.996063,Manhattan,True,https://webcams.nyctmc.org/api/cameras/fec41cf4-e167-48ae-9d40-785d8e86078d/image,,,True,inside polygon
a6811e67-15ac-4289-97be-9c6dd1ae1c75,QBB NOR @ 1 Ave,40.76009,-73.961613,Manhattan,True,https://webcams.nyctmc.org/api/cameras/a6811e67-15ac-4289-97be-9c6dd1ae1c75/image,,Queensboro Bridge,True,inside polygon
c733e881-862d-4874-9d00-9bfdc3b27cbc,Grand St @ Bowery,40.718427,-73.99483,Manhattan,True,https://webcams.nyctmc.org/api/cameras/c733e881-862d-4874-9d00-9bfdc3b27cbc/image,,,True,inside polygon
874223a4-dc80-4764-8d91-1590cd3737d4,FDR Dr @ 90 St,40.777422,-73.942713,Manhattan,True,https://webcams.nyctmc.org/api/cameras/874223a4-dc80-4764-8d91-1590cd3737d4/image,,FDR Drive,True,inside polygon
81db80c2-13fe-4ae7-8b47-c08aa42d512f,5 Ave @ 66 St,40.768651,-73.969814,Manhattan,True,https://webcams.nyctmc.org/api/cameras/81db80c2-13fe-4ae7-8b47-c08aa42d512f/image,,,True,inside polygon
ac9ea7e9-4ab8-4188-be33-40266bcf9378,2 AVE @ 86 St,40.77787,-73.9518,Manhattan,True,https://webcams.nyctmc.org/api/cameras/ac9ea7e9-4ab8-4188-be33-40266bcf9378/image,,East Side avenues,True,inside polygon
a3058350-1552-459f-8379-2fd06895e70a,Delancey St @ Bowery St,40.720317,-73.994016,Manhattan,True,https://webcams.nyctmc.org/api/cameras/a3058350-1552-459f-8379-2fd06895e70a/image,,,True,inside polygon
a26130e0-3c9b-4f43-b253-209d80d441f8,62 St @ QBB Upper Level exit ramp,40.76215,-73.96203,Manhattan,True,https://webcams.nyctmc.org/api/cameras/a26130e0-3c9b-4f43-b253-209d80d441f8/image,,Queensboro Bridge,True,inside polygon
e777e4b4-25cb-4c39-98fc-8d6b25cf7de7,Lexington Ave @ 53 St,40.758387,-73.971014,Manhattan,True,https://webcams.nyctmc.org/api/cameras/e777e4b4-25cb-4c39-98fc-8d6b25cf7de7/image,,East Side avenues,True,inside polygon
9561ad5f-0eda-460b-ab12-41caa4e0a91e,47 St Bet. 5 Ave @ Madison Ave- Manhattan,40.75632,-73.9777487,Manhattan,True,https://webcams.nyctmc.org/api/cameras/9561ad5f-0eda-460b-ab12-41caa4e0a91e/image,,East Side avenues,True,inside polygon
ebec9de9-3f56-477a-a413-2e0a09b2b6ba,Worth Street @ Lafayette Street,40.715579,-74.003036,Manhattan,True,https://webcams.nyctmc.org/api/cameras/ebec9de9-3f56-477a-a413-2e0a09b2b6ba/image,,,True,inside polygon
f9cb9d4c-10ad-42e4-8997-dbc9e12bd55a,E 14 St @ Irving Pl/Lexington Av,40.733978,-73.9888,Manhattan,True,https://webcams.nyctmc.org/api/cameras/f9cb9d4c-10ad-42e4-8997-dbc9e12bd55a/image,,East Side avenues,True,inside polygon
aa85b894-336d-42bb-9801-0359e452f845,1 Ave @ 62 St,40.761501,-73.960542,Manhattan,True,https://webcams.nyctmc.org/api/cameras/aa85b894-336d-42bb-9801-0359e452f845/image,,East Side avenues,True,inside polygon
f9ed4dbb-7dd1-4b0c-80df-7f5586109599,Queens Midtown Tunnel @ 35 St exit,40.746038,-73.976804,Manhattan,True,https://webcams.nyctmc.org/api/cameras/f9ed4dbb-7dd1-4b0c-80df-7f5586109599/image,,Queens-Midtown Tunnel,True,inside polygon
a4bb497d-7e15-47c4-9787-374b013efbbe,Madison Ave @ 79 St,40.776331,-73.962123,Manhattan,True,https://webcams.nyctmc.org/api/cameras/a4bb497d-7e15-47c4-9787-374b013efbbe/image,,East Side avenues,True,inside polygon
e029a178-4289-4914-bf64-109d43b0ae35,BB-27 South-West Manhattan Tower,40.707228,-73.998439,Manhattan,True,https://webcams.nyctmc.org/api/cameras/e029a178-4289-4914-bf64-109d43b0ae35/image,,,True,inside polygon
b5cf34ce-697e-42a1-b22f-8eb2c1f3e79e,1 Ave @ E. Houston St,40.723043,-73.988592,Manhattan,True,https://webcams.nyctmc.org/api/cameras/b5cf34ce-697e-42a1-b22f-8eb2c1f3e79e/image,,East Side avenues,True,inside polygon
ecdddb78-10be-47c6-ba27-e5d9da6b9a22,Water St @ John St,40.706852,-74.004992,Manhattan,True,https://webcams.nyctmc.org/api/cameras/ecdddb78-10be-47c6-ba27-e5d9da6b9a22/image,,,True,inside polygon
ed12f2da-9f65-44f0-a162-123c412716c6,Canal Street @ Allen Street,40.7150861999536,-73.9925114202795,Manhattan,True,https://webcams.nyctmc.org/api/cameras/ed12f2da-9f65-44f0-a162-123c412716c6/image,,,True,inside polygon
c61490de-9ab7-4321-919c-cf8ad9ca5100,2 Ave @ 59 St (QBB),40.760978,-73.964082,Manhattan,True,https://webcams.nyctmc.org/api/cameras/c61490de-9ab7-4321-919c-cf8ad9ca5100/image,,Queensboro Bridge,True,inside polygon
cb43382f-7b5f-43a7-918b-607a69b2fb3a,Pearl St @ Dover,40.709457,-74.00171,Manhattan,True,https://webcams.nyctmc.org/api/cameras/cb43382f-7b5f-43a7-918b-607a69b2fb3a/image,,,True,inside polygon
c6022d8a-69df-45be-aadd-ec39a18a18fb,Br Br-20 S Rdwy FDR Dr,40.708045,-73.999541,Manhattan,True,https://webcams.nyctmc.org/api/cameras/c6022d8a-69df-45be-aadd-ec39a18a18fb/image,,FDR Drive,True,inside polygon
c65db13c-61ee-4e8c-859f-fa52a297114a,BB-27A Manhattan Tower South,40.707138,-73.998502,Manhattan,True,https://webcams.nyctmc.org/api/cameras/c65db13c-61ee-4e8c-859f-fa52a297114a/image,,,True,inside polygon
afff9762-e6d4-4b4d-a2e7-60c13763dd16,Bowery @ Cooper Sq & 4 St,40.727155,-73.991628,Manhattan,True,https://webcams.nyctmc.org/api/cameras/afff9762-e6d4-4b4d-a2e7-60c13763dd16/image,,,True,inside polygon
c75873dc-16d0-4e9c-b5b5-1c6ede0b0b63,FDR @ E 6 St,40.721494,-73.974554,Manhattan,True,https://webcams.nyctmc.org/api/cameras/c75873dc-16d0-4e9c-b5b5-1c6ede0b0b63/image,,FDR Drive,True,inside polygon
d47d2f63-cdc1-4f28-bc4c-e64ac07e4f1d,Union Sq @ 14 St,40.73483,-73.99087,Manhattan,True,https://webcams.nyctmc.org/api/cameras/d47d2f63-cdc1-4f28-bc4c-e64ac07e4f1d/image,,,True,inside polygon
d560faa5-0f60-4ac4-ae1e-b4af096d9adc,BB-16 South Rdwy @ Manhattan Anchorage,40.709355,-74.001053,Brooklyn,True,https://webcams.nyctmc.org/api/cameras/d560faa5-0f60-4ac4-ae1e-b4af096d9adc/image,,,True,inside polygon
e73b2210-e5e7-42c0-a48f-5ce07b28da43,Park Ave @ 96 St,40.786516,-73.952456,Manhattan,True,https://webcams.nyctmc.org/api/cameras/e73b2210-e5e7-42c0-a48f-5ce07b28da43/image,,East Side avenues,True,inside polygon
f0e5c9aa-7700-4918-834f-c106189bde4b,1 Ave @ 42 St,40.7488254014022,-73.9698439596283,Manhattan,True,https://webcams.nyctmc.org/api/cameras/f0e5c9aa-7700-4918-834f-c106189bde4b/image,,East Side avenues,True,inside polygon
e5f322e7-e38c-4a3c-9b1b-8df2cb459884,FDR @ 48 St,40.751693,-73.965239,Manhattan,True,https://webcams.nyctmc.org/api/cameras/e5f322e7-e38c-4a3c-9b1b-8df2cb459884/image,,FDR Drive,True,inside polygon
eafc65f5-6ff9-4203-905f-3995b9fbc9eb,1 Ave @ 23 St,40.7368873405677,-73.9785319648825,Manhattan,True,https://webcams.nyctmc.org/api/cameras/eafc65f5-6ff9-4203-905f-3995b9fbc9eb/image,,East Side avenues,True,inside polygon
ebac5b6e-bd3a-4046-926b-7446edab9bee,3 Ave @ E 14 St,40.733316,-73.987185,Manhattan,True,https://webcams.nyctmc.org/api/cameras/ebac5b6e-bd3a-4046-926b-7446edab9bee/image,,East Side avenues,True,inside polygon
f5c6fd9c-8e5b-4c3c-8c3e-31233678f15b,Lexington Ave @ 96 St,40.785793,-73.951017,Manhattan,True,https://webcams.nyctmc.org/api/cameras/f5c6fd9c-8e5b-4c3c-8c3e-31233678f15b/image,,East Side avenues,True,inside polygon
f4d2c0f5-0148-45e7-95ba-a5185d8e8060,Park Ave @ 57 St,40.761615778381,-73.9707524905279,Manhattan,True,https://webcams.nyctmc.org/api/cameras/f4d2c0f5-0148-45e7-95ba-a5185d8e8060/image,,East Side avenues,True,inside polygon
e8a479f8-5170-4f1f-b258-b9745c966c71,Vanderbilt Ave @ E 45 St,40.754297,-73.976936,Manhattan,True,https://webcams.nyctmc.org/api/cameras/e8a479f8-5170-4f1f-b258-b9745c966c71/image,,,True,inside polygon
f3c6fe0c-75c8-4ce9-ad9a-5b7eb8e9087e,1 Ave @ 86 St,40.776869,-73.94937,Manhattan,True,https://webcams.nyctmc.org/api/cameras/f3c6fe0c-75c8-4ce9-ad9a-5b7eb8e9087e/image,,East Side avenues,True,inside polygon
ea36992f-a3bf-4cce-8942-05ff04e2ae5f,Park Ave @ 23 St,40.740189,-73.986363,Manhattan,True,https://webcams.nyctmc.org/api/cameras/ea36992f-a3bf-4cce-8942-05ff04e2ae5f/image,,East Side avenues,True,inside polygon
f4e822f7-d2a2-4146-851c-04b2fa6d5265,5 Ave @ 42 St,40.7534920464028,-73.9808970054167,Manhattan,True,https://webcams.nyctmc.org/api/cameras/f4e822f7-d2a2-4146-851c-04b2fa6d5265/image,,,True,inside polygon
af2b479e-ec78-46b0-be35-6bbbd1691460,1 ave @ 40 st,40.74759,-73.9708,Manhattan,True,https://webcams.nyctmc.org/api/cameras/af2b479e-ec78-46b0-be35-6bbbd1691460/image,,East Side avenues,True,inside polygon
