pfi_number,facility_name,procedure,procedure_label,borough,primary_zip3,patient_volume,avg_severity,observed_avg_los,expected_avg_los,oe_ratio_los,observed_adverse_pct,oe_ratio_adverse,clinical_oe,facility_procedure_cost,cost_basis,market_median_cost,pct_vs_market_median,value_index,value_rank,star_rating
1463,NYU LANGONE HOSPITALS,hip,Hip replacement,Manhattan,112,33,2.121,2.36,3.14,0.752,3.03,0.123,0.305,22616.67,mrf_negotiated,37430.45,-39.6,62.737,1,5
1456,MOUNT SINAI HOSPITAL,hip,Hip replacement,Manhattan,100,290,1.697,2.11,2.39,0.882,4.48,0.247,0.467,60175.55,sparcs_charge,52133.61,15.4,22.537,2,5
1446,NYU LANGONE ORTHOPEDIC HOSPITAL,hip,Hip replacement,Manhattan,112,1515,1.589,1.70,2.36,0.720,9.24,0.506,0.604,37430.45,mrf_negotiated,37430.45,0.0,20.075,3,5
1639,MOUNT SINAI HOSPITAL - MOUNT SINAI HOSPITAL OF QUEENS,hip,Hip replacement,Queens,113,77,1.805,2.14,2.44,0.877,10.39,0.527,0.680,37533.60,sparcs_charge,52133.61,-28.0,13.087,4,5
1447,HOSPITAL FOR SPECIAL SURGERY,hip,Hip replacement,Manhattan,100,4145,1.305,1.90,2.04,0.933,6.97,0.471,0.663,58903.32,mrf_negotiated,37430.45,57.4,12.042,5,5
1737,STATEN ISLAND UNIVERSITY HOSPITAL PRINCE'S BAY,hip,Hip replacement,Staten Island,103,292,1.216,3.43,1.90,1.809,4.45,0.336,0.780,52186.31,sparcs_charge,52133.61,0.1,9.327,6,5
1454,METROPOLITAN HOSPITAL CENTER,hip,Hip replacement,Manhattan,100,63,1.254,2.21,2.09,1.058,11.11,0.722,0.874,47231.17,sparcs_charge,52133.61,-9.4,6.010,7,5
1172,LINCOLN MEDICAL & MENTAL HEALTH CENTER,hip,Hip replacement,Bronx,104,48,1.104,4.13,1.91,2.164,4.17,0.305,0.812,52659.98,sparcs_charge,52133.61,1.0,5.844,8,5
1692,WOODHULL MEDICAL & MENTAL HEALTH CENTER,hip,Hip replacement,Brooklyn,112,29,1.310,2.83,2.11,1.338,6.90,0.439,0.766,53752.62,sparcs_charge,52133.61,3.1,5.622,9,4
1464,NEW YORK-PRESBYTERIAN HOSPITAL - COLUMBIA PRESBYTERIAN CENTER,hip,Hip replacement,Manhattan,100,326,1.515,2.21,2.31,0.958,11.96,0.682,0.809,86339.45,sparcs_charge,52133.61,65.6,5.342,10,4
1450,LENOX HILL HOSPITAL,hip,Hip replacement,Manhattan,100,170,1.394,2.40,2.09,1.146,10.00,0.648,0.862,76349.37,sparcs_charge,52133.61,46.4,4.725,11,4
1438,BELLEVUE HOSPITAL CENTER,hip,Hip replacement,Manhattan,100,96,1.396,2.90,2.18,1.328,11.46,0.697,0.962,55306.61,sparcs_charge,52133.61,6.1,4.660,12,4
1630,LONG ISLAND JEWISH MEDICAL CENTER,hip,Hip replacement,Queens,113,103,1.408,1.98,2.16,0.917,16.50,0.983,0.949,61608.70,sparcs_charge,52133.61,18.2,4.364,13,4
1304,NYU LANGONE HOSPITAL-BROOKLYN,hip,Hip replacement,Brooklyn,112,215,1.572,1.60,2.34,0.681,12.56,0.698,0.690,138243.99,sparcs_charge,52133.61,165.2,4.258,14,4
1466,MOUNT SINAI WEST,hip,Hip replacement,Manhattan,100,258,1.484,2.19,2.23,0.985,18.60,1.116,1.048,63304.81,sparcs_charge,52133.61,21.4,4.167,15,4
1638,LONG ISLAND JEWISH FOREST HILLS,hip,Hip replacement,Queens,112,40,1.325,1.95,2.13,0.917,15.00,0.926,0.922,74215.05,sparcs_charge,52133.61,42.4,3.069,16,4
1306,NEWYORK-PRESBYTERIAN BROOKLYN METHODIST HOSPITAL,hip,Hip replacement,Brooklyn,112,232,1.672,2.98,2.43,1.223,25.86,1.340,1.280,62820.41,sparcs_charge,52133.61,20.5,2.761,17,3
1168,MONTEFIORE MEDICAL CENTER-WAKEFIELD HOSPITAL,hip,Hip replacement,Bronx,104,699,1.458,2.32,2.21,1.053,18.45,1.119,1.086,105677.18,sparcs_charge,52133.61,102.7,2.740,18,3
1165,JACOBI MEDICAL CENTER,hip,Hip replacement,Bronx,104,46,1.261,2.80,2.04,1.376,15.22,0.998,1.172,75834.14,sparcs_charge,52133.61,45.5,1.927,19,3
1437,NEW YORK-PRESBYTERIAN/LOWER MANHATTAN HOSPITAL,hip,Hip replacement,Manhattan,100,31,1.516,4.42,2.19,2.022,12.90,0.790,1.264,84100.10,sparcs_charge,52133.61,61.3,1.345,20,3
1637,NEWYORK-PRESBYTERIAN/QUEENS,hip,Hip replacement,Queens,113,344,1.299,3.33,2.06,1.618,37.50,2.478,2.002,58286.00,sparcs_charge,52133.61,11.8,1.304,21,3
1178,BRONXCARE HOSPITAL CENTER,hip,Hip replacement,Bronx,104,124,1.476,3.48,2.25,1.551,45.16,2.673,2.036,47221.39,sparcs_charge,52133.61,-9.4,1.286,22,3
1301,KINGS COUNTY HOSPITAL CENTER,hip,Hip replacement,Brooklyn,112,52,1.404,5.25,2.19,2.398,13.46,0.810,1.394,84182.50,sparcs_charge,52133.61,61.5,1.265,23,3
1320,UNIVERSITY HOSPITAL OF BROOKLYN,hip,Hip replacement,Brooklyn,112,67,1.821,4.15,2.58,1.608,35.82,1.740,1.673,63529.59,sparcs_charge,52133.61,21.9,1.237,24,3
1453,MEMORIAL HOSPITAL FOR CANCER AND ALLIED DISEASES,hip,Hip replacement,Manhattan,112,37,2.595,6.19,3.86,1.603,22.22,0.727,1.080,131708.26,sparcs_charge,52133.61,152.6,1.234,25,2
1294,SOUTH BROOKLYN HEALTH,hip,Hip replacement,Brooklyn,112,38,1.447,4.37,2.23,1.955,13.16,0.774,1.230,131773.22,sparcs_charge,52133.61,152.8,0.958,26,2
1305,MAIMONIDES MEDICAL CENTER,hip,Hip replacement,Brooklyn,112,76,1.105,1.80,1.88,0.957,31.58,2.364,1.504,105526.95,sparcs_charge,52133.61,102.4,0.949,27,2
1629,JAMAICA HOSPITAL MEDICAL CENTER,hip,Hip replacement,Queens,114,38,1.211,3.21,2.02,1.591,47.37,3.226,2.265,39404.32,sparcs_charge,52133.61,-24.4,0.945,28,2
1626,ELMHURST HOSPITAL CENTER,hip,Hip replacement,Queens,113,28,1.357,2.93,2.10,1.392,28.57,1.853,1.606,82372.68,sparcs_charge,52133.61,58.0,0.826,29,2
1628,FLUSHING HOSPITAL MEDICAL CENTER,hip,Hip replacement,Queens,113,18,1.222,2.67,2.00,1.333,50.00,3.608,2.193,38748.64,sparcs_charge,52133.61,-25.7,0.824,30,2
1458,NEW YORK-PRESBYTERIAN HOSPITAL - NEW YORK WEILL CORNELL CENTER,hip,Hip replacement,Manhattan,100,51,1.725,3.39,2.63,1.291,27.45,1.364,1.327,145290.15,sparcs_charge,52133.61,178.7,0.805,31,2
1469,MOUNT SINAI MORNINGSIDE,hip,Hip replacement,Manhattan,100,10,1.700,3.10,2.52,1.229,30.00,1.626,1.414,77958.73,sparcs_charge,52133.61,49.5,0.802,32,2
1318,WYCKOFF HEIGHTS MEDICAL CENTER,hip,Hip replacement,Brooklyn,112,18,1.222,2.56,1.97,1.300,38.89,2.721,1.881,68074.70,sparcs_charge,52133.61,30.6,0.637,33,1
1288,BROOKLYN HOSPITAL CENTER - DOWNTOWN CAMPUS,hip,Hip replacement,Brooklyn,112,77,1.883,3.57,2.62,1.362,70.13,3.360,2.139,87444.57,sparcs_charge,52133.61,67.7,0.568,34,1
1738,RICHMOND UNIVERSITY MEDICAL CENTER,hip,Hip replacement,Staten Island,103,24,1.500,4.79,2.27,2.108,62.50,3.629,2.766,40123.94,sparcs_charge,52133.61,-23.0,0.547,35,1
1309,INTERFAITH MEDICAL CENTER,hip,Hip replacement,Brooklyn,112,39,1.436,3.38,2.14,1.582,76.92,4.673,2.719,49353.79,sparcs_charge,52133.61,-5.3,0.527,36,1
1633,QUEENS HOSPITAL CENTER,hip,Hip replacement,Queens,114,10,1.500,4.30,2.26,1.903,40.00,2.209,2.050,90295.24,sparcs_charge,52133.61,73.2,0.329,37,1
1169,MONTEFIORE MEDICAL CENTER - HENRY & LUCY MOSES DIV,hip,Hip replacement,Bronx,100,5,1.800,2.40,2.67,0.897,0.00,0.000,0.897,378709.45,sparcs_charge,52133.61,626.4,0.307,38,1
1635,ST JOHNS EPISCOPAL HOSPITAL SO SHORE,hip,Hip replacement,Queens,116,25,1.200,4.00,2.06,1.937,44.00,2.873,2.359,242559.15,sparcs_charge,52133.61,365.3,0.126,39,1
1176,SBH HEALTH SYSTEM,hip,Hip replacement,Bronx,104,14,1.357,6.79,2.01,3.369,57.14,3.907,3.628,86130.39,sparcs_charge,52133.61,65.2,0.125,40,1
1438,BELLEVUE HOSPITAL CENTER,knee,Knee replacement,Manhattan,112,150,1.207,2.15,2.11,1.018,0.67,0.040,0.203,51078.39,sparcs_charge,50028.51,2.1,119.250,1,5
1454,METROPOLITAN HOSPITAL CENTER,knee,Knee replacement,Manhattan,100,173,1.162,1.77,2.08,0.853,2.31,0.142,0.349,34514.19,sparcs_charge,50028.51,-31.0,61.396,2,5
1639,MOUNT SINAI HOSPITAL - MOUNT SINAI HOSPITAL OF QUEENS,knee,Knee replacement,Queens,113,239,1.816,1.79,2.49,0.722,7.56,0.368,0.516,40688.62,sparcs_charge,50028.51,-18.7,25.309,3,5
1446,NYU LANGONE ORTHOPEDIC HOSPITAL,knee,Knee replacement,Manhattan,112,2528,1.500,1.73,2.33,0.745,8.67,0.458,0.584,38905.08,mrf_negotiated,38905.08,0.0,22.974,4,5
1456,MOUNT SINAI HOSPITAL,knee,Knee replacement,Manhattan,100,321,1.657,2.15,2.43,0.884,5.30,0.266,0.485,59387.93,sparcs_charge,50028.51,18.7,20.680,5,5
1447,HOSPITAL FOR SPECIAL SURGERY,knee,Knee replacement,Manhattan,100,5526,1.343,2.14,2.22,0.965,8.74,0.496,0.692,56595.58,mrf_negotiated,38905.08,45.5,12.371,6,5
1737,STATEN ISLAND UNIVERSITY HOSPITAL PRINCE'S BAY,knee,Knee replacement,Staten Island,103,383,1.201,4.01,2.05,1.954,5.22,0.333,0.806,50028.51,sparcs_charge,50028.51,0.0,9.160,7,5
1464,NEW YORK-PRESBYTERIAN HOSPITAL - COLUMBIA PRESBYTERIAN CENTER,knee,Knee replacement,Manhattan,100,554,1.523,2.36,2.41,0.980,11.37,0.576,0.751,76706.74,sparcs_charge,50028.51,53.3,7.307,8,5
1172,LINCOLN MEDICAL & MENTAL HEALTH CENTER,knee,Knee replacement,Bronx,104,114,1.228,4.51,2.14,2.103,5.26,0.312,0.810,52894.35,sparcs_charge,50028.51,5.7,6.840,9,4
1630,LONG ISLAND JEWISH MEDICAL CENTER,knee,Knee replacement,Queens,114,351,1.339,1.94,2.20,0.882,15.10,0.862,0.872,61766.13,sparcs_charge,50028.51,23.5,6.246,10,4
1450,LENOX HILL HOSPITAL,knee,Knee replacement,Manhattan,100,358,1.385,2.52,2.22,1.132,12.85,0.729,0.908,73088.11,sparcs_charge,50028.51,46.1,4.885,11,4
1463,NYU LANGONE HOSPITALS,knee,Knee replacement,Manhattan,103,38,2.237,4.76,3.19,1.492,23.68,0.832,1.114,23922.26,mrf_negotiated,38905.08,-38.5,4.801,12,4
1466,MOUNT SINAI WEST,knee,Knee replacement,Manhattan,100,563,1.542,2.11,2.39,0.885,25.22,1.292,1.070,60854.22,sparcs_charge,50028.51,21.6,4.549,13,4
1304,NYU LANGONE HOSPITAL-BROOKLYN,knee,Knee replacement,Brooklyn,112,511,1.487,1.63,2.33,0.702,14.09,0.746,0.724,147173.30,sparcs_charge,50028.51,194.2,4.046,14,4
1638,LONG ISLAND JEWISH FOREST HILLS,knee,Knee replacement,Queens,112,175,1.257,1.84,2.15,0.854,18.86,1.107,0.972,68705.56,sparcs_charge,50028.51,37.3,3.985,15,4
1692,WOODHULL MEDICAL & MENTAL HEALTH CENTER,knee,Knee replacement,Brooklyn,112,120,1.317,3.27,2.16,1.515,13.33,0.786,1.091,54366.14,sparcs_charge,50028.51,8.7,3.708,16,4
1168,MONTEFIORE MEDICAL CENTER-WAKEFIELD HOSPITAL,knee,Knee replacement,Bronx,104,2037,1.580,2.32,2.38,0.975,17.57,0.904,0.939,116861.79,sparcs_charge,50028.51,133.6,3.700,17,3
1306,NEWYORK-PRESBYTERIAN BROOKLYN METHODIST HOSPITAL,knee,Knee replacement,Brooklyn,112,535,1.626,3.24,2.41,1.342,28.22,1.418,1.379,58367.95,sparcs_charge,50028.51,16.7,2.832,18,3
1178,BRONXCARE HOSPITAL CENTER,knee,Knee replacement,Bronx,104,375,1.389,3.27,2.25,1.455,40.27,2.225,1.800,36837.20,sparcs_charge,50028.51,-26.4,2.485,19,3
1628,FLUSHING HOSPITAL MEDICAL CENTER,knee,Knee replacement,Queens,113,95,1.147,2.35,2.02,1.163,42.11,2.742,1.786,30973.51,sparcs_charge,50028.51,-38.1,2.311,20,3
1165,JACOBI MEDICAL CENTER,knee,Knee replacement,Bronx,104,107,1.224,2.70,2.13,1.267,18.69,1.140,1.202,73602.28,sparcs_charge,50028.51,47.1,2.203,21,3
1305,MAIMONIDES MEDICAL CENTER,knee,Knee replacement,Brooklyn,112,144,1.174,1.87,2.10,0.888,23.61,1.460,1.138,89305.58,sparcs_charge,50028.51,78.5,2.153,22,3
1629,JAMAICA HOSPITAL MEDICAL CENTER,knee,Knee replacement,Queens,114,101,1.109,2.52,2.04,1.238,46.53,2.947,1.910,30470.66,sparcs_charge,50028.51,-39.1,2.082,23,3
1469,MOUNT SINAI MORNINGSIDE,knee,Knee replacement,Manhattan,100,88,1.182,2.93,2.07,1.417,18.18,1.139,1.271,80406.29,sparcs_charge,50028.51,60.7,1.729,24,3
1320,UNIVERSITY HOSPITAL OF BROOKLYN,knee,Knee replacement,Brooklyn,112,125,1.840,3.67,2.62,1.400,31.20,1.406,1.403,76901.96,sparcs_charge,50028.51,53.7,1.598,25,2
1637,NEWYORK-PRESBYTERIAN/QUEENS,knee,Knee replacement,Queens,113,1360,1.254,3.35,2.13,1.568,42.43,2.532,1.993,58431.97,sparcs_charge,50028.51,16.8,1.555,26,2
1176,SBH HEALTH SYSTEM,knee,Knee replacement,Bronx,104,28,1.286,2.43,2.09,1.165,21.43,1.333,1.246,70731.88,sparcs_charge,50028.51,41.4,1.534,27,2
1294,SOUTH BROOKLYN HEALTH,knee,Knee replacement,Brooklyn,112,51,1.333,4.57,2.16,2.119,15.69,0.923,1.398,66157.14,sparcs_charge,50028.51,32.2,1.529,28,2
1301,KINGS COUNTY HOSPITAL CENTER,knee,Knee replacement,Brooklyn,112,165,1.327,5.39,2.24,2.401,18.79,1.046,1.585,77188.70,sparcs_charge,50028.51,54.3,1.319,29,2
1738,RICHMOND UNIVERSITY MEDICAL CENTER,knee,Knee replacement,Staten Island,103,64,1.188,2.86,2.07,1.382,54.69,3.445,2.182,40324.70,sparcs_charge,50028.51,-19.4,1.088,30,2
1626,ELMHURST HOSPITAL CENTER,knee,Knee replacement,Queens,113,65,1.231,2.62,2.13,1.229,38.46,2.302,1.682,69118.39,sparcs_charge,50028.51,38.2,1.072,31,2
1437,NEW YORK-PRESBYTERIAN/LOWER MANHATTAN HOSPITAL,knee,Knee replacement,Manhattan,112,91,1.571,4.75,2.42,1.959,28.57,1.469,1.696,87995.27,sparcs_charge,50028.51,75.9,0.894,32,2
1318,WYCKOFF HEIGHTS MEDICAL CENTER,knee,Knee replacement,Brooklyn,112,75,1.280,2.56,2.17,1.182,52.00,3.029,1.892,70532.47,sparcs_charge,50028.51,41.0,0.858,33,1
1288,BROOKLYN HOSPITAL CENTER - DOWNTOWN CAMPUS,knee,Knee replacement,Brooklyn,112,141,1.865,3.63,2.61,1.392,59.57,2.696,1.937,80333.86,sparcs_charge,50028.51,60.6,0.823,34,1
1309,INTERFAITH MEDICAL CENTER,knee,Knee replacement,Brooklyn,112,79,1.354,3.81,2.30,1.654,78.48,4.298,2.666,42343.93,sparcs_charge,50028.51,-15.4,0.728,35,1
1453,MEMORIAL HOSPITAL FOR CANCER AND ALLIED DISEASES,knee,Knee replacement,Manhattan,110,15,2.200,5.80,3.09,1.876,33.33,1.220,1.513,123889.56,sparcs_charge,50028.51,147.6,0.489,36,1
1635,ST JOHNS EPISCOPAL HOSPITAL SO SHORE,knee,Knee replacement,Queens,116,38,1.237,5.32,2.21,2.406,39.47,2.228,2.315,74253.11,sparcs_charge,50028.51,48.4,0.461,37,1
1633,QUEENS HOSPITAL CENTER,knee,Knee replacement,Queens,114,30,1.300,5.57,2.18,2.553,36.67,2.125,2.329,76140.99,sparcs_charge,50028.51,52.2,0.416,38,1
1286,BROOKDALE HOSPITAL MEDICAL CENTER,knee,Knee replacement,Brooklyn,112,9,1.333,4.33,2.10,2.067,44.44,2.754,2.386,68174.37,sparcs_charge,50028.51,36.3,0.297,39,1
1324,MOUNT SINAI BROOKLYN,knee,Knee replacement,Brooklyn,112,14,1.429,3.64,2.32,1.571,50.00,2.660,2.044,112760.16,sparcs_charge,50028.51,125.4,0.288,40,1
1458,NEW YORK-PRESBYTERIAN HOSPITAL - NEW YORK WEILL CORNELL CENTER,knee,Knee replacement,Manhattan,100,11,1.455,3.18,2.34,1.358,54.55,2.831,1.961,112973.66,sparcs_charge,50028.51,125.8,0.286,41,1
